combination,count
CAGCA,5997
GAAGA,5626
CCAGC,5415
AGCAG,5361
AGAAG,5336
GCAGC,5186
CAGCC,4992
AAGAA,4916
AGAAA,4538
CAGAA,4472
CCCAG,4405
GAGGA,4355
TCCAG,4059
AGGAG,4020
CAGCT,4005
CCTGG,3993
CCCCA,3946
CTGGA,3919
TGCAG,3837
AGCTG,3817
GCTGC,3808
GAAAA,3778
TGGAG,3761
AGGAA,3721
CCACC,3705
GAGAA,3673
CCAGA,3654
GGAGG,3631
CCCTG,3618
CCAGG,3606
GGAAG,3600
TGAAG,3592
GGCAG,3587
GGAGA,3575
AGATG,3564
ACCAG,3554
AAAGA,3553
CAGAG,3531
CCTCC,3527
CTGCC,3514
CAGGA,3486
CTCCA,3477
ACAGA,3476
AAGAG,3465
AAGGA,3455
CTCCT,3404
GCCCC,3402
CACCA,3391
GCAGA,3384
GATGA,3357
GCCAG,3357
CCAAG,3308
CACAG,3298
ACAGC,3284
AGCCC,3281
CAAGA,3262
CTCAG,3248
TGGAA,3246
CCTGC,3192
CTGAA,3126
GGAGC,3122
TCCTG,3114
GAAGG,3110
CTGCA,3097
ATGAA,3091
CAGTG,3077
TCAGC,3067
CCTCA,3054
AGCCA,3039
AAAAG,3031
GCTGG,2978
TGCTG,2976
ATGGA,2943
AGCAA,2938
GCCCA,2915
GCAGG,2911
CTGGC,2895
GGCCC,2882
GGAAA,2874
GAAAG,2856
CCTGA,2855
CAGAT,2848
CTTCA,2848
CTCCC,2842
CAGGC,2822
TCAGA,2821
CAAAG,2810
TGGCC,2805
CAAGG,2794
GGCCA,2793
AACAG,2787
CATCA,2759
GCCTC,2756
TTCAG,2752
GCTCC,2748
TCCTC,2748
CCACA,2743
CTTCC,2741
AGAGG,2728
CCCAC,2726
GAAGC,2723
TCTCC,2717
GCCTG,2716
TGATG,2712
AAGAT,2710
ACCTG,2709
TCAAG,2699
CTGCT,2697
AAGCA,2694
TGCCA,2687
AGAGA,2685
CCTTC,2682
AGCTC,2679
CCAGT,2667
GAGCT,2635
ACCCC,2619
AGAGC,2617
CTCTG,2613
ACAAG,2581
CTGGG,2568
TGAAA,2567
TGGCA,2564
GAGCA,2563
GCCAC,2559
GACAG,2556
CAAGC,2542
CCCTC,2530
AGCCT,2519
CAAAA,2518
TCCCC,2513
CAGAC,2498
CAACA,2497
GCAGT,2487
CACCT,2485
CCATC,2485
GGCTG,2477
TGGAC,2467
CCCCT,2463
CACCC,2442
CCTCT,2442
AAATG,2426
CTGAG,2425
AGAAC,2415
GCGGC,2413
CCCCC,2406
TCTTC,2405
GGTGG,2396
TTCCA,2393
GTGGA,2389
CCCAA,2383
AACCA,2380
AAAGC,2376
GGGCC,2372
GAGCC,2370
CTTCT,2369
TGCCC,2368
AGACA,2366
CAGGG,2356
AGCAC,2351
AAAGG,2348
AGGCC,2348
AATGG,2341
GCCCT,2341
TCCCA,2336
CTGTG,2335
AATGA,2322
GGACA,2310
AGGAC,2309
GGCCT,2300
ACCAA,2292
GATGG,2288
CCAAC,2286
AACAA,2285
GTGGC,2285
ACCTC,2282
GGGAG,2282
AAAAA,2281
GCAAG,2277
AAACA,2273
AGGTG,2271
GAGGC,2270
CAAGT,2267
GACCA,2264
ATGGC,2262
CATCC,2257
AGTGG,2254
TGGTG,2253
CAGTC,2251
TCCAA,2245
AAAAT,2237
CCAAA,2213
AAGAC,2209
ATCAA,2209
TCTGG,2204
TCATC,2201
TCCAC,2200
CCATG,2191
GAACA,2187
GCTCA,2187
GGCTC,2184
GCTGA,2179
CCCGG,2177
CATGG,2176
ACCAC,2173
AAAAC,2168
GAATG,2166
CCGCC,2163
TCTGC,2156
TGGCT,2155
GCAAA,2152
GAGAG,2149
GGGCA,2148
GCACC,2146
GAAAT,2145
GCCAA,2144
AGAAT,2142
AGACC,2142
AAGCC,2140
TCAAA,2139
GGGGC,2129
CCCCG,2124
CCTGT,2123
GGACC,2118
GACCC,2115
CGGCC,2108
ACAAA,2086
AAGCT,2080
TGGGC,2080
CACTG,2068
ATGAC,2057
AGGCA,2055
ATCCA,2055
TTCTG,2050
AAGGC,2046
GTCCA,2046
GAAAC,2045
GCCGC,2044
ACCCA,2040
GAACC,2038
GGGAA,2038
TGTGG,2036
TGAGC,2032
AGTGA,2031
ATCAG,2030
TGTCC,2028
GCACA,2022
TACAG,2008
TTCCT,2002
GGATG,1992
GACAA,1990
TCACC,1990
ACAGT,1981
GACCT,1977
TCAGG,1977
TGAGG,1971
GGCAA,1966
CAGCG,1962
ATGAG,1945
TGACA,1944
GCTTC,1943
CAGTT,1934
GAAGT,1932
CCACT,1926
ACAGG,1922
TGGGA,1918
TTCAA,1918
TCCCT,1917
ACCCT,1916
AAACC,1914
AGATC,1914
ATGCA,1914
CAACC,1914
CTCAA,1914
GGAAC,1912
TCTGA,1911
GGGGA,1909
ACTCC,1905
CATCT,1905
TGACC,1901
TGGGG,1898
ACTGG,1895
ACATG,1892
CATGA,1880
TTCTC,1879
TGAAT,1873
AGTCC,1872
CCGGC,1872
TTGGA,1855
GGCGG,1854
CAATG,1847
CTGTC,1843
ACTTC,1835
TCACA,1827
CGCCC,1815
ATGAT,1814
AGAGT,1812
AGTTC,1810
GAGAC,1808
GTGAA,1799
GCCAT,1797
AAGTG,1794
GCTGT,1794
AGGCT,1791
TTGAA,1791
AACCC,1774
ACCAT,1774
TGAAC,1773
TGCCT,1771
TGAGA,1758
CTTTG,1753
AACTG,1752
AAAGT,1751
GAGGG,1751
AGGGA,1745
CAGGT,1743
AGTCA,1738
AAACT,1737
AAGTT,1736
CCCAT,1735
GAGAT,1729
TCCTT,1716
TGTGA,1716
CCGGG,1715
ACATC,1714
GATGC,1709
ACACC,1708
AGGAT,1708
AAGGT,1707
GCAAC,1700
TGCTC,1699
TCAGT,1696
GGAAT,1695
TACCA,1695
CTGGT,1688
GCCCG,1686
CAAAC,1679
CAACT,1678
GTCCC,1674
GGCCG,1667
CTCAT,1665
ATGGG,1662
GTCCT,1659
GCGCC,1657
TTTGA,1655
ATGCT,1654
AGTGC,1646
ATCCT,1642
CACAA,1642
GAACT,1640
TGGAT,1636
CACAT,1629
TGCAA,1628
AGGGG,1627
AGACT,1624
CTACA,1624
AGGGC,1623
GGGCT,1623
AGCGG,1620
AAATC,1619
TTTCA,1619
GTGCA,1617
AGTCT,1608
CGGAG,1604
CCGAG,1602
GGGAC,1601
GTGCC,1601
AACCT,1599
TTCCC,1599
ACTGA,1597
GGACT,1595
CCCGC,1594
CTCTC,1593
CAAAT,1589
GGTGA,1589
GGCAC,1585
AAGTC,1583
GCCGG,1582
AAGGG,1581
CGAGG,1581
ATTCA,1579
GACTC,1579
GATCA,1578
ATGCC,1576
CAGTA,1574
CTCTT,1573
CCCTT,1572
CTGTT,1570
TTTGG,1570
ATTCT,1565
GCCTT,1563
ATCCC,1557
ACAAC,1556
TCATG,1551
TCTCT,1551
AATGC,1549
AACTC,1547
ATCTG,1547
CGCTG,1540
AGATT,1539
GAGTG,1537
GATGT,1537
AGCAT,1536
GACTG,1536
CGGCG,1534
GCTCT,1531
GTCAG,1527
AATGT,1523
GAATC,1523
TCAAC,1523
TCTCA,1522
GTGAT,1519
TGTCA,1519
AAATT,1517
ACTGT,1514
CACAC,1513
CTACC,1513
GTGGG,1508
CATGC,1503
TACAA,1502
GTGGT,1500
CTGAC,1498
GGTGC,1491
CGCCG,1481
CTGAT,1478
GAATT,1477
ACTCA,1476
CGGCA,1473
GGCGC,1470
GTCTG,1467
TCCAT,1467
CCTTG,1461
TTCTT,1460
AACAT,1459
GAGCG,1454
GGTCA,1453
GTTCC,1453
GAGGT,1451
GATCC,1451
GCGGG,1446
ACACA,1444
CGGGC,1443
ATGTC,1441
CTTGG,1441
AATCA,1440
GTTCA,1438
GACAT,1436
AGCTT,1435
GGAGT,1434
ATGTG,1432
CCATT,1430
TGCAC,1429
AAATA,1422
GAGTC,1421
GCATC,1419
ACTGC,1412
CATGT,1410
GTCTC,1409
TCTGT,1409
TTCAT,1408
AGTAC,1406
GTGAC,1404
TTCAC,1400
CTCAC,1396
GTCAA,1396
AGTTT,1394
ATCAC,1389
ATCTC,1381
TTACA,1366
CACTT,1362
TAAAG,1360
ACCTT,1351
CTTTC,1350
CCTTT,1342
GCTAC,1340
CGCCA,1338
GACAC,1338
AACAC,1337
GCATG,1337
AGCGC,1336
TGTCT,1336
AACTT,1321
CATTT,1321
AGCCG,1320
TAGAA,1316
AATTC,1315
AATCC,1312
CTATG,1310
TGACT,1309
CTGCG,1307
AGCTA,1305
GTTTG,1305
CGGGA,1303
ATCAT,1298
ACGAG,1297
TGATC,1296
GACTT,1295
TAATG,1294
TGTGC,1288
ATGTT,1283
TTTCT,1283
CGGGG,1282
GTGCT,1281
CTCGG,1280
TATGG,1280
CATTC,1277
ATCTT,1276
GGTCC,1276
ACTAC,1275
ATTTG,1269
CGCCT,1269
TTTGC,1269
ATTCC,1268
TTTTG,1268
CCAAT,1260
GCACT,1260
GTCAT,1259
TTGCC,1258
TTGCT,1258
CGAGC,1249
GTGAG,1247
AAGTA,1246
CCTCG,1245
CGCAG,1245
TGCTT,1240
GGGGG,1239
CTCCG,1238
GACGA,1238
ATAAA,1236
CGAGA,1236
CCACG,1235
CACTC,1233
GTCAC,1233
TTGCA,1232
CCGCA,1229
GTACA,1229
TTTCC,1228
AGCGA,1220
CATTG,1220
ATGGT,1218
CACCG,1217
CCGGA,1216
GCGAG,1216
AGTGT,1214
CCTAC,1213
GCCGA,1213
TCTTT,1209
AATCT,1206
TGTTC,1203
ACTTT,1196
TGTTG,1193
TCATT,1185
ACAAT,1183
GATTC,1182
AAGCG,1174
ACTCT,1172
TATGA,1163
GAGTT,1162
ATTGA,1161
AGGTC,1158
ATTTT,1158
CCGCT,1155
CCCGA,1150
TGGTC,1150
TGCCG,1149
TGTTT,1145
TAAAA,1140
AATTG,1135
AGGCG,1135
GGGTC,1134
GTGTG,1132
ACTTG,1131
TATCA,1130
GGCTT,1125
GGGCG,1124
AGTTG,1121
ACACT,1120
GCTTT,1120
GTGTC,1119
GTTCT,1117
AATAA,1116
AGATA,1115
GGCAT,1115
CTTGA,1114
TTAAA,1113
GGACG,1112
TACCC,1110
TCCTA,1104
TTGGG,1100
ACATT,1099
CTACT,1099
GATCT,1099
CGGCT,1097
GATTT,1093
CTGTA,1092
GCGGA,1087
TACCT,1086
TTGGC,1082
CGGAA,1081
GTTTC,1077
TCAAT,1077
TTTGT,1077
AGGGT,1076
TCACT,1075
CCGTG,1060
TCTAC,1059
TACTG,1057
GCGCT,1054
GGATC,1053
GGGTG,1052
TGCGG,1050
TTGAG,1050
AATTT,1045
CCGAC,1045
TTGAT,1041
TTGTG,1039
TTACC,1028
ACGCC,1027
GTCTT,1027
GCTAT,1026
TGGTT,1025
ACGGC,1022
TTTTC,1016
CACGG,1013
AATAC,1012
GGATT,1011
TAAAT,1010
GCAAT,1007
TGGCG,1006
GTACC,1004
ATTTC,1003
CTTTT,1001
ATTAC,995
TGTAC,992
TTCTA,981
TGCTA,980
CTTGC,978
GGTTC,975
GGTCT,973
AATTA,970
TGCAT,967
GCATT,966
GATAA,964
ATTGG,959
AGTTA,958
GAATA,958
GATAT,956
CAATT,952
AGGTT,950
GGGAT,950
CAACG,948
TCGCC,948
CGACC,944
ACCGC,943
TGGGT,940
AGTAT,939
TGATT,939
GTTTT,938
TCCGA,938
AATAT,937
TGATA,933
TTGTC,933
ATAGA,929
CAATA,928
TCTTG,928
TCGGA,923
CCCTA,921
ATAAT,920
TTGAC,920
CTTCG,917
TGTGT,917
GACGG,914
TGAGT,914
TCCCG,912
GGTTT,910
CACGC,908
GTAAA,906
TAAGA,906
GGTGT,904
CTAAA,902
GTTGG,902
ATGTA,900
CGCGG,900
CGTGG,900
ATTGC,898
TTATG,896
GTTGA,895
GCTCG,892
CCGAA,888
GCGCA,887
GCTTG,886
AACTA,885
CTTAC,883
GACTA,882
GGCGA,882
CATCG,880
TAACA,880
CGAAG,879
TATTC,879
ATACA,878
TTTAA,876
CTCTA,872
GTAGA,871
TAGCA,871
CTTGT,870
AGTAG,869
ACTAT,866
GGCTA,866
ATATG,865
CATTA,864
TGTTA,863
TCCGG,862
GTACT,859
ATTTA,857
ACCCG,853
AGACG,851
CGGTG,851
TCGGC,851
TTTAT,851
ATATT,845
CCTAA,845
TACAT,843
GCGCG,841
TAGAT,840
GTTGC,838
TTGGT,835
CCGCG,833
TATTT,829
ACGAC,828
ATTGT,828
CTCGC,825
CCTAT,820
TATCC,818
CGCGC,815
TTGTT,815
AGTAA,813
CTAGA,813
TTTTA,813
ATTAA,812
CTATC,812
AACGA,811
CGAAA,808
TGCGC,806
CGTCC,805
ACCTA,804
CAATC,803
GTTAC,803
TTAGA,802
CGATG,800
GCCTA,797
TAGAG,796
TCCGC,796
ATTAT,795
CGCTC,794
TTATC,794
TACTC,791
TACTT,790
TTACT,785
GGTAC,781
TATGC,781
GAGTA,780
GATTG,775
GGGGT,769
TGGTA,767
CGTGC,765
CTTTA,762
TCTTA,762
TTATT,761
CGGAC,758
CGAGT,757
GGATA,755
GAACG,753
TCTAG,753
ACCGG,751
ACGGG,751
TACTA,751
CCTAG,748
TTAAG,745
TACAC,744
TTTAC,743
CGACT,742
ACGGA,740
GACCG,740
GTATG,740
TGTAA,739
CACTA,738
TAGTG,737
GCGAC,733
CGACA,732
GTGTT,731
GACGC,730
AGGTA,729
TGTAT,728
CGCAC,727
ACCGA,726
TTTTT,725
AATAG,723
ATATC,723
CTATT,721
GTTAA,721
ATACC,718
TATTG,716
CCTTA,714
GTATT,714
CGTCA,711
GATTA,711
GTTAT,706
TCGAG,706
TCGTC,706
CATAA,705
TCGGG,705
TGACG,700
TCATA,693
TTCCG,693
GTGCG,691
CTAAT,690
CGACG,689
GCGTC,687
TTAAT,685
GCACG,678
GCCGT,678
ATACT,676
CTAGC,671
ACTAA,670
AACGG,669
GTCGG,666
GGGTT,665
CCATA,664
ATAGT,662
CACGA,662
CCGTC,662
TCTAA,657
ACATA,656
TAAAC,656
CATAT,655
GCGTG,655
CTACG,653
ATCGA,649
CCCGT,649
TGTAG,646
ATATA,639
CGTGA,639
CTAAG,639
ATAAG,637
ACGAA,630
TATTA,630
GCTAA,629
TCGAA,629
TTCGA,628
AAACG,627
ATCTA,627
AACCG,626
TCTAT,626
CTTAT,625
CGGTC,624
CTTAA,621
TAGCC,621
TATCT,621
CTCGA,618
CGCAT,616
ACACG,614
AGCGT,612
GTCTA,611
CATAG,610
ACTTA,609
TATAA,609
CGCTT,607
GATAG,606
GTAGT,605
CGCAA,604
CGTCT,603
GTCCG,602
TTGTA,601
ACTCG,597
ATCGT,595
CGGGT,595
TTCGG,594
ATAAC,592
ATCCG,590
GTTGT,587
TATGT,584
ACGCA,582
GTAGC,580
CCGGT,568
CTAAC,566
GGTTG,566
ACGTG,565
TATAT,564
ATTAG,563
GTTTA,563
TCGCT,562
CATAC,561
AACGC,553
CGTTC,553
GATAC,549
CTAGT,546
ATCGC,543
GTATC,540
ACCGT,534
GGCGT,534
GTTCG,534
ATAGC,533
TAAGG,533
GGTTA,530
GATCG,529
GGGTA,528
TCCGT,527
CGGAT,526
CTCGT,525
TTATA,525
TTTAG,524
AGTCG,523
TCACG,523
TCTCG,517
CGAAC,516
TAACC,513
TAATT,513
ACGTC,512
GCATA,512
GTGTA,511
AACGT,509
TAGCT,509
TCGCA,508
TCGTG,501
TATAG,500
GGTAG,498
ACGCT,497
TCGAC,497
CCGAT,492
GCGAA,490
TAGTC,490
CTATA,488
GCGGT,484
GCTAG,482
ACTAG,480
TTAAC,480
CGTGT,477
TAATA,475
CACGT,467
GTAAT,467
TAATC,467
GCTTA,465
GGTAT,465
ACGCG,463
TAGAC,463
GTCGC,462
TAGGA,459
TGTCG,459
AATCG,454
TAAGC,452
TAACT,451
ACGAT,445
TACGA,445
CGTTT,444
TCGGT,444
TAGTT,443
ACGGT,438
CGTCG,437
TAGTA,436
CGAAT,434
GACGT,429
CCGTT,425
TGCGA,423
CTTAG,419
GTAAC,419
CTAGG,415
TTAGC,413
TAAGT,406
TTCGC,405
GCGAT,401
ATGCG,400
GGTAA,398
CGATC,394
TCGAT,394
TAGGG,382
ATCGG,381
TACGC,378
TTCGT,376
ACGTT,369
TATAC,369
TACCG,368
GGTCG,364
TCGTT,364
TACGG,358
TGCGT,357
GCGTT,353
GTATA,350
CGGTT,341
CGTTG,336
GTCGT,335
GTCGA,331
CGCTA,326
CGCGA,319
GTACG,317
CGCGT,312
ATAGG,311
TTTCG,311
TATCG,305
GTTAG,301
TTAGT,298
TTAGG,289
GTAAG,279
CGATA,270
CGATT,268
CGTAG,259
TCGTA,258
TACGT,249
ATTCG,241
CCGTA,241
TTACG,241
TTGCG,238
CGTAC,229
GTAGG,221
TCGCG,221
ATACG,219
TAACG,214
CGTAT,211
ACGTA,208
TAGGT,207
TAGCG,196
TAGGC,189
CGTTA,179
CGTAA,128
GCGTA,120
CGGTA,118
